distinct_reactions,total_voter_comments,distinct_voter_comments,num_respondents,avg_distinct_votes,avg_votes,num_qfa_total,num_qfa_distinct_voters,qfa_question_upvotes,label
0.318181818,0.170454545,0.136363636,0.318181818,0.318181818,0.318181818,0.477272727,0.238636364,0.068181818,0.0
0.235294118,0.458823529,0.360784314,0.334640523,0.259840232,0.308351489,0.095424837,0.077124183,0.003921569,0.0
0.193548387,0.064516129,0.064516129,0.387096774,0.2228739,0.319648094,0.0,0.0,0.0,0.0
0.309278351,0.020618557,0.020618557,0.195876289,0.103298969,0.188247423,0.041237113,0.030927835,0.0,0.0
0.951807229,0.104417671,0.076305221,0.37751004,0.158500669,0.159036145,0.140562249,0.092369478,0.34939759,0.0
0.418181818,1.181818182,0.363636364,0.418181818,0.220779221,0.337662338,0.163636364,0.109090909,0.054545455,0.0
0.056818182,0.045454545,0.045454545,0.397727273,0.269385027,0.269385027,0.0,0.0,0.0,0.0
0.367346939,0.0,0.0,0.469387755,0.216836735,0.253826531,0.0,0.0,0.0,0.0
0.208333333,0.0,0.0,0.25,0.208333333,0.239583333,0.375,0.208333333,0.458333333,0.0
0.0,0.038961039,0.025974026,0.350649351,0.204906205,0.506493506,0.012987013,0.012987013,0.0,0.0
0.676300578,1.780346821,0.87283237,0.479768786,0.341040462,0.496584341,0.433526012,0.167630058,0.011560694,1.0
0.151515152,0.0,0.0,0.818181818,0.5,0.5,0.03030303,0.03030303,0.0,0.0
0.0,0.0,0.0,0.86440678,0.796610169,1.389830508,0.0,0.0,0.0,1.0
0.0,0.0,0.0,0.81122449,0.641581633,0.760841837,0.0,0.0,0.0,1.0
0.3125,0.0,0.0,0.708333333,0.325,0.891666667,0.0,0.0,0.0,0.0
0.15625,0.78125,0.3125,0.5,0.385416667,0.458333333,0.0,0.0,0.0,0.0
0.938271605,0.111111111,0.098765432,0.716049383,0.337213404,0.382716049,0.012345679,0.012345679,0.024691358,0.0
0.276923077,0.069230769,0.046153846,0.330769231,0.183566434,0.191958042,0.015384615,0.015384615,0.0,0.0
0.594594595,0.0,0.0,0.783783784,0.693693694,2.63963964,0.0,0.0,0.0,1.0
0.921875,0.1875,0.171875,0.609375,0.287202381,0.383928571,0.0,0.0,0.0,0.0
0.4,0.36,0.36,0.54,0.304,1.418666667,0.04,0.04,0.0,0.0
0.8,0.342857143,0.257142857,0.485714286,0.165306122,0.324489796,0.028571429,0.028571429,0.0,0.0
0.531914894,0.106382979,0.042553191,0.340425532,0.112929624,0.235679214,0.0,0.0,0.0,0.0
0.0,0.0,0.0,0.977272727,0.625,1.534090909,0.0,0.0,0.0,1.0
0.0,0.0,0.0,0.016129032,0.016129032,0.016129032,0.0,0.0,0.0,0.0
0.760869565,0.043478261,0.043478261,0.347826087,0.209145427,0.326836582,0.0,0.0,0.0,0.0
0.0,0.0,0.0,0.377777778,0.325925926,0.325925926,0.0,0.0,0.0,0.0
0.0,0.0,0.0,0.471830986,0.376760563,1.276408451,0.0,0.0,0.0,0.0
0.0,0.011235955,0.011235955,0.775280899,0.456928839,0.992509363,0.0,0.0,0.0,0.0
0.0,0.0,0.0,0.807692308,0.807692308,1.057692308,0.0,0.0,0.0,1.0
0.0,0.191489362,0.063829787,0.765957447,0.765957447,1.29787234,0.0,0.0,0.0,1.0
0.0,0.0,0.0,0.743589744,0.743589744,1.102564103,0.0,0.0,0.0,1.0
0.0,0.0,0.0,0.815789474,0.815789474,1.315789474,0.0,0.0,0.0,1.0
0.615384615,0.019230769,0.019230769,0.673076923,0.576923077,2.038461538,0.057692308,0.038461538,0.0,1.0
0.710526316,0.0,0.0,0.868421053,0.541666667,0.541666667,0.0,0.0,0.0,0.0
0.31875,0.0,0.0,0.43125,0.183333333,0.223958333,0.00625,0.00625,0.00625,0.0
0.710526316,0.0,0.0,0.605263158,0.342105263,0.862573099,0.026315789,0.026315789,0.0,0.0
0.0,0.0,0.0,0.54,0.313333333,0.44,0.0,0.0,0.0,0.0
0.0,0.0,0.0,0.69047619,0.595238095,1.654761905,0.0,0.0,0.0,0.0
0.355555556,0.022222222,0.022222222,0.511111111,0.37037037,0.518518519,0.0,0.0,0.0,0.0
0.0,0.0,0.0,0.545454545,0.515151515,0.515151515,0.0,0.0,0.0,0.0
0.869047619,0.095238095,0.047619048,0.357142857,0.10989011,0.142857143,0.023809524,0.011904762,0.0,0.0
0.244444444,0.0,0.0,1.0,0.785964912,0.870175439,0.177777778,0.111111111,0.022222222,1.0
0.0,0.0,0.0,0.410958904,0.261327713,0.750263435,0.01369863,0.01369863,0.0,0.0
0.0,0.057142857,0.057142857,1.0,1.0,3.0,0.0,0.0,0.0,1.0
0.0,0.0,0.0,0.373333333,0.23047619,0.76,0.0,0.0,0.0,0.0
0.0,0.005952381,0.005952381,0.273809524,0.157738095,0.537414966,0.0,0.0,0.0,0.0
0.0,0.014925373,0.014925373,0.223880597,0.139303483,0.449751244,0.0,0.0,0.0,0.0
0.939393939,3.787878788,1.0,0.575757576,0.171717172,0.171717172,1.818181818,0.575757576,0.0,1.0
1.0,0.006535948,0.006535948,0.85620915,0.621848739,0.621848739,0.0,0.0,0.0,1.0
0.025,0.0,0.0,0.425,0.278571429,0.278571429,0.0,0.0,0.0,0.0
0.084210526,0.0,0.0,0.968421053,0.721052632,0.721052632,0.052631579,0.042105263,0.021052632,1.0
0.057142857,0.0,0.0,0.371428571,0.247619048,0.266666667,0.2,0.171428571,0.028571429,0.0
0.166666667,0.061403509,0.061403509,0.675438596,0.50877193,0.50877193,0.192982456,0.149122807,0.096491228,0.0
0.0,0.0,0.0,0.815789474,0.802631579,0.868421053,0.0,0.0,0.0,1.0
0.0,1.11627907,0.76744186,0.372093023,0.19255814,0.230697674,0.395348837,0.162790698,0.0,1.0
0.054545455,1.8,0.981818182,0.290909091,0.185123967,0.22231405,0.654545455,0.290909091,0.0,1.0
0.6,0.146153846,0.146153846,0.746153846,0.190335306,0.193491124,0.0,0.0,0.0,0.0
0.0,0.0,0.0,0.540540541,0.303303303,0.312312312,1.189189189,0.351351351,0.081081081,0.0
0.162790698,0.046511628,0.046511628,0.581395349,0.463953488,0.463953488,0.0,0.0,0.0,0.0
0.296703297,0.06043956,0.06043956,0.642857143,0.399267399,0.436507937,0.027472527,0.027472527,0.0,0.0
0.0,0.0,0.0,0.15,0.098051948,0.122727273,0.0,0.0,0.0,0.0
0.0,0.0,0.0,0.313253012,0.221686747,0.284337349,0.0,0.0,0.0,0.0
0.0,0.615384615,0.276923077,0.692307692,0.520512821,0.546153846,0.0,0.0,0.0,0.0
0.285714286,0.317460317,0.301587302,0.603174603,0.24829932,0.272108844,0.015873016,0.015873016,0.0,0.0
0.025,0.0,0.0,0.475,0.266666667,0.758333333,0.0,0.0,0.0,0.0
0.864864865,0.189189189,0.189189189,0.702702703,0.255855856,0.257657658,0.189189189,0.135135135,0.0,0.0
0.0,0.0,0.0,0.672131148,0.357581967,1.014344262,0.0,0.0,0.0,0.0
0.0,0.0,0.0,0.032258065,0.032258065,0.032258065,0.0,0.0,0.0,0.0
0.34375,0.0625,0.0625,0.375,0.209821429,0.308035714,0.0,0.0,0.0,0.0
0.410958904,0.02739726,0.02739726,0.479452055,0.140839041,0.14640411,0.0,0.0,0.0,0.0
0.0,0.0,0.0,0.649122807,0.631578947,0.631578947,0.0,0.0,0.0,0.0
0.907407407,1.018518519,1.0,0.814814815,0.391975309,0.66872428,0.018518519,0.018518519,0.0,1.0
0.0,0.0,0.0,0.551020408,0.448979592,0.455782313,0.0,0.0,0.0,0.0
0.0,0.0,0.0,0.80952381,0.497354497,1.08994709,0.0,0.0,0.0,0.0
0.0,0.0,0.0,0.816326531,0.530612245,1.102040816,0.0,0.0,0.0,0.0
0.181818182,0.0,0.0,0.563636364,0.447272727,0.447272727,0.254545455,0.181818182,0.345454545,0.0
0.0,0.04,0.04,0.96,0.857777778,2.684444444,0.066666667,0.053333333,0.0,1.0
0.470588235,0.058823529,0.058823529,0.588235294,0.355392157,1.193627451,0.0,0.0,0.0,0.0
0.0,0.0,0.0,0.770833333,0.770833333,1.083333333,0.0,0.0,0.0,1.0
0.885714286,0.371428571,0.342857143,0.371428571,0.207142857,0.264285714,0.228571429,0.142857143,0.142857143,0.0
0.871794872,0.692307692,0.41025641,0.487179487,0.169871795,0.169871795,0.128205128,0.076923077,0.0,0.0
0.962962963,0.018518519,0.018518519,0.444444444,0.248148148,0.480864198,0.0,0.0,0.0,0.0
0.526315789,0.0,0.0,0.578947368,0.171052632,0.171052632,0.0,0.0,0.0,0.0
0.0,0.004545455,0.004545455,0.159090909,0.105882353,0.417914439,0.0,0.0,0.0,0.0
0.971830986,0.422535211,0.295774648,0.690140845,0.394366197,0.444203684,0.845070423,0.38028169,0.014084507,1.0
0.390243902,0.0,0.0,0.487804878,0.146341463,0.158536585,0.097560976,0.097560976,0.219512195,0.0
0.00877193,0.0,0.0,0.596491228,0.425438596,0.436403509,0.0,0.0,0.0,0.0
0.020408163,0.0,0.0,0.714285714,0.551020408,0.584183673,0.0,0.0,0.0,0.0
0.0,0.012820513,0.012820513,0.756410256,0.709401709,0.730769231,0.0,0.0,0.0,1.0
0.0,0.0,0.0,0.671052632,0.562030075,0.607142857,0.0,0.0,0.0,0.0
0.043010753,0.096774194,0.043010753,0.548387097,0.372311828,0.38844086,0.0,0.0,0.0,0.0
0.0,0.0,0.0,0.909090909,0.788961039,0.818181818,0.0,0.0,0.0,1.0
0.0,0.024390244,0.024390244,0.634146341,0.528455285,0.552845528,0.0,0.0,0.0,0.0
0.0,0.0,0.0,0.675,0.564285714,0.592857143,0.0,0.0,0.0,0.0
0.0,0.0,0.0,0.527777778,0.474206349,0.476190476,0.0,0.0,0.0,0.0
0.0,0.0,0.0,0.813953488,0.757475083,0.757475083,0.0,0.0,0.0,1.0
0.0,0.0,0.0,0.704545455,0.62987013,0.62987013,0.0,0.0,0.0,0.0
0.0,0.0,0.0,0.734939759,0.635111876,0.648881239,0.0,0.0,0.0,0.0
0.0,0.0,0.0,0.861111111,0.813492063,0.821428571,0.0,0.0,0.0,1.0
0.0,0.0,0.0,0.602739726,0.518590998,0.530332681,0.0,0.0,0.0,0.0
0.0,0.027777778,0.027777778,0.861111111,0.694444444,0.702380952,0.0,0.0,0.0,1.0
0.0,0.018867925,0.018867925,0.613207547,0.530997305,0.537735849,0.0,0.0,0.0,0.0
0.0,0.0,0.0,0.555555556,0.503968254,0.511904762,0.0,0.0,0.0,0.0
0.0,0.0,0.0,0.441860465,0.358803987,0.360465116,0.0,0.0,0.0,0.0
0.0,0.0,0.0,0.720930233,0.481727575,0.491694352,0.0,0.0,0.0,0.0
0.363636364,0.03030303,0.03030303,0.696969697,0.553030303,0.553030303,0.0,0.0,0.0,0.0
0.3125,0.0625,0.0625,0.6875,0.512019231,0.512019231,0.0,0.0,0.0,1.0
0.484848485,0.0,0.0,0.484848485,0.368686869,0.671717172,0.0,0.0,0.0,0.0
0.0,0.014018692,0.014018692,0.672897196,0.487149533,1.352803738,0.03271028,0.023364486,0.0,0.0
0.0,0.024390244,0.024390244,0.731707317,0.56504065,1.0,0.0,0.0,0.0,0.0
0.0,0.027027027,0.027027027,0.216216216,0.114250614,0.128378378,0.0,0.0,0.0,0.0
0.0,0.0,0.0,0.388888889,0.273148148,0.309259259,0.0,0.0,0.0,0.0
0.85,0.0,0.0,0.683333333,0.251754386,0.873245614,0.008333333,0.008333333,0.0,0.0
0.693548387,0.0,0.0,0.790322581,0.343672457,1.320099256,0.0,0.0,0.0,0.0
0.552631579,0.0,0.0,0.578947368,0.578947368,0.578947368,0.0,0.0,0.0,0.0
0.38,0.08,0.08,0.82,0.3,1.196923077,0.02,0.02,0.0,0.0
0.484536082,0.051546392,0.030927835,0.762886598,0.268834259,0.861221253,0.010309278,0.010309278,0.030927835,0.0
0.0,0.022222222,0.022222222,0.844444444,0.418518519,0.437037037,0.088888889,0.088888889,0.0,0.0
0.0,0.0,0.0,0.657142857,0.471428571,0.478571429,0.0,0.0,0.0,0.0
0.988095238,0.130952381,0.095238095,0.547619048,0.17526455,0.342592593,0.321428571,0.130952381,0.142857143,0.0
0.506493506,0.0,0.0,0.441558442,0.121964992,0.136645963,0.012987013,0.012987013,0.0,0.0
0.372093023,0.023255814,0.023255814,0.976744186,0.674418605,1.302325581,0.0,0.0,0.0,1.0
0.0,0.0,0.0,0.694915254,0.464146023,0.677966102,0.0,0.0,0.0,0.0
0.0,0.0,0.0,0.227272727,0.181034483,0.182601881,0.068181818,0.068181818,0.0,0.0
0.516129032,0.0,0.0,0.903225806,0.465949821,0.492831541,0.0,0.0,0.0,0.0
0.0,0.0,0.0,0.306930693,0.152009319,0.257134537,0.0,0.0,0.0,0.0
0.509433962,0.037735849,0.037735849,0.471698113,0.379979036,0.417714885,0.056603774,0.056603774,0.0,0.0
0.180555556,0.125,0.069444444,0.819444444,0.304347826,0.408816425,0.013888889,0.013888889,0.0,0.0
0.228571429,1.342857143,0.828571429,1.0,0.845714286,0.845714286,0.0,0.0,0.0,1.0
0.774193548,0.14516129,0.129032258,0.64516129,0.206451613,0.27311828,0.0,0.0,0.0,0.0
0.0,0.0,0.0,0.352941176,0.218954248,0.238562092,0.0,0.0,0.0,0.0
0.0,0.0,0.0,1.0,0.810945274,0.990049751,0.0,0.0,0.0,1.0
0.442622951,0.081967213,0.06557377,0.836065574,0.208355368,0.240084611,0.016393443,0.016393443,0.0,0.0
0.092592593,0.0,0.0,0.740740741,0.416666667,0.435185185,0.0,0.0,0.0,0.0
0.0,0.0,0.0,0.764705882,0.764705882,3.058823529,0.0,0.0,0.0,1.0
0.0,0.0,0.0,0.565217391,0.363354037,0.363354037,0.0,0.0,0.0,0.0
0.0,0.0,0.0,0.96875,0.96875,7.75,0.0,0.0,0.0,1.0
0.0,0.0,0.0,0.84375,0.791666667,1.0,0.0,0.0,0.0,1.0
0.023076923,0.215384615,0.153846154,0.761538462,0.615897436,0.902051282,0.084615385,0.069230769,0.0,1.0
0.971428571,0.0,0.0,0.485714286,0.381632653,0.616326531,0.0,0.0,0.0,0.0
0.111111111,0.0,0.0,0.407407407,0.219373219,0.227920228,0.0,0.0,0.0,0.0
0.142857143,0.0,0.0,0.571428571,0.26984127,0.46031746,0.023809524,0.023809524,0.023809524,0.0
0.314285714,0.014285714,0.014285714,0.614285714,0.438571429,0.455714286,0.0,0.0,0.0,0.0
0.0,0.0,0.0,0.953488372,0.651162791,1.034883721,0.0,0.0,0.0,1.0
0.0,0.03125,0.03125,1.0,0.927083333,0.953125,0.0,0.0,0.0,1.0
0.514563107,0.019417476,0.009708738,0.485436893,0.250485437,0.277669903,0.0,0.0,0.0,0.0
0.510416667,0.057291667,0.046875,0.364583333,0.060384115,0.061360677,0.015625,0.015625,0.0,0.0
0.323529412,0.235294118,0.235294118,0.794117647,0.654411765,0.654411765,0.0,0.0,0.0,1.0
0.0,0.0,0.0,0.871794872,0.633699634,1.227106227,0.0,0.0,0.0,1.0
0.28125,0.0625,0.0625,0.1875,0.109375,0.1171875,0.03125,0.03125,0.0,0.0
0.0,0.0,0.0,0.254385965,0.122807018,0.265899123,0.0,0.0,0.0,0.0
0.120805369,0.0,0.0,0.161073826,0.104314477,0.156279962,0.0,0.0,0.0,0.0
0.15625,0.15625,0.125,0.09375,0.078125,0.078125,0.4375,0.28125,0.0,0.0
0.023809524,0.0,0.0,0.642857143,0.333333333,0.888888889,0.0,0.0,0.0,0.0
0.463157895,0.010526316,0.010526316,0.421052632,0.194427245,0.213003096,0.0,0.0,0.0,0.0
0.0,0.006622517,0.006622517,0.794701987,0.5,1.493377483,0.0,0.0,0.0,0.0
0.0,0.0,0.0,0.016129032,0.016129032,0.016129032,0.0,0.0,0.0,0.0
0.0,0.0,0.0,0.7960199,0.696517413,1.323383085,0.0,0.0,0.0,1.0
0.660377358,0.037735849,0.037735849,0.735849057,0.528301887,1.099056604,0.0,0.0,0.0,0.0
0.0,0.0,0.0,0.428571429,0.201242236,0.450931677,0.0,0.0,0.0,0.0
0.0,0.017621145,0.013215859,0.392070485,0.335682819,0.335682819,0.0,0.0,0.0,0.0
0.0,0.09375,0.09375,0.46875,0.349264706,0.443014706,0.0,0.0,0.0,0.0
0.0,0.0,0.0,0.56097561,0.528455285,0.528455285,0.0,0.0,0.0,0.0
0.540540541,0.081081081,0.081081081,0.594594595,0.536679537,0.53957529,0.0,0.0,0.0,0.0
0.310126582,0.0,0.0,0.67721519,0.422644163,0.524613221,0.0,0.0,0.0,0.0
0.012269939,0.0,0.0,0.950920245,0.443762781,0.484662577,0.0,0.0,0.0,0.0
0.0,0.014925373,0.014925373,0.104477612,0.082089552,0.097014925,0.014925373,0.014925373,0.014925373,0.0
0.0,0.0,0.0,0.060606061,0.04040404,0.04040404,0.0,0.0,0.0,0.0
0.0,0.0,0.0,0.693877551,0.578631453,0.589435774,0.0,0.0,0.0,0.0
0.085714286,0.0,0.0,0.971428571,0.628571429,2.247619048,0.142857143,0.114285714,0.028571429,1.0
0.047619048,0.0,0.0,0.69047619,0.523809524,0.523809524,0.0,0.0,0.0,0.0
0.448905109,0.025547445,0.02189781,0.270072993,0.09270073,0.09620438,0.072992701,0.058394161,0.047445255,0.0
0.473684211,0.092105263,0.092105263,0.907894737,0.8,0.8,0.0,0.0,0.0,1.0
0.559139785,0.032258065,0.032258065,0.602150538,0.168458781,0.243727599,0.0,0.0,0.0,0.0
0.0,0.034722222,0.034722222,0.902777778,0.647569444,0.647569444,0.069444444,0.0625,0.0,1.0
0.557142857,0.014285714,0.014285714,0.657142857,0.251190476,0.285119048,0.014285714,0.014285714,0.0,0.0
0.0,0.152173913,0.043478261,0.586956522,0.217391304,0.302795031,0.0,0.0,0.0,0.0
0.0,0.015625,0.015625,0.609375,0.495535714,0.502232143,0.109375,0.078125,0.359375,0.0
0.0,0.01010101,0.01010101,0.808080808,0.561868687,0.726010101,0.0,0.0,0.0,0.0
0.205357143,0.044642857,0.035714286,0.241071429,0.0859375,0.108258929,0.0,0.0,0.0,0.0
0.178343949,0.006369427,0.006369427,0.299363057,0.110573248,0.143184713,0.006369427,0.006369427,0.0,0.0
0.0,0.0,0.0,0.5625,0.53125,0.53125,0.0,0.0,0.0,0.0
0.38028169,0.070422535,0.070422535,0.197183099,0.121343445,0.26652221,0.028169014,0.028169014,0.014084507,0.0
0.0,0.0,0.0,0.01369863,0.01369863,0.01369863,0.0,0.0,0.0,0.0
0.190140845,0.852112676,0.626760563,0.598591549,0.411737089,1.033333333,0.0,0.0,0.0,1.0
0.0,0.023809524,0.023809524,0.976190476,0.976190476,2.928571429,0.0,0.0,0.0,1.0
0.911764706,0.0,0.0,0.558823529,0.290849673,0.321895425,0.0,0.0,0.0,0.0
0.0,0.0,0.0,0.596330275,0.298165138,0.366972477,0.027522936,0.018348624,0.009174312,0.0
1.0,1.276315789,0.355263158,0.736842105,0.451315789,0.451315789,0.026315789,0.013157895,0.013157895,0.0
0.301886792,0.226415094,0.188679245,0.811320755,0.626415094,0.626415094,0.056603774,0.056603774,0.037735849,1.0
0.416666667,0.066666667,0.066666667,0.816666667,0.435416667,0.738541667,0.216666667,0.166666667,0.016666667,0.0
0.382352941,0.029411765,0.029411765,0.352941176,0.172268908,0.173669468,0.058823529,0.058823529,0.0,0.0
0.34375,0.03125,0.03125,0.71875,0.475694444,0.486111111,0.15625,0.125,0.0,0.0
0.582278481,0.012658228,0.012658228,0.670886076,0.544303797,0.563291139,0.050632911,0.037974684,0.0,0.0
0.171428571,0.028571429,0.028571429,0.628571429,0.307002801,0.341176471,0.0,0.0,0.0,0.0
0.076190476,0.0,0.0,0.695238095,0.511564626,1.099319728,0.0,0.0,0.0,0.0
0.3,0.7,0.275,0.425,0.306666667,1.608333333,0.0,0.0,0.0,0.0
0.0,0.0,0.0,0.923076923,0.823076923,0.930769231,0.0,0.0,0.0,1.0
0.895833333,0.958333333,0.8125,0.291666667,0.141414141,0.392676768,0.0625,0.0625,0.020833333,1.0
0.0,0.0,0.0,0.702702703,0.702702703,0.972972973,0.0,0.0,0.0,1.0
0.5,1.375,0.8125,0.625,0.534722222,0.534722222,0.0625,0.0625,0.0,1.0
0.504201681,0.394957983,0.305322129,0.37535014,0.139962652,0.183286648,0.00280112,0.00280112,0.0,0.0
0.0,0.0,0.0,0.529411765,0.397058824,0.414705882,0.0,0.0,0.0,0.0
0.21875,0.03125,0.03125,0.28125,0.1875,0.1875,0.09375,0.09375,0.0,0.0
0.64516129,0.096774194,0.096774194,0.35483871,0.322580645,0.322580645,0.387096774,0.225806452,0.129032258,0.0
0.974358974,0.41025641,0.307692308,0.769230769,0.286446886,0.786813187,0.025641026,0.025641026,0.0,0.0
0.06557377,0.016393443,0.016393443,0.409836066,0.245901639,0.596721311,0.049180328,0.016393443,0.0,0.0
0.0,0.0,0.0,0.5,0.373737374,0.387205387,0.0,0.0,0.0,0.0
0.0,0.021276596,0.021276596,0.765957447,0.595744681,0.794326241,0.021276596,0.021276596,0.0,0.0
0.1625,0.0,0.0,0.3875,0.195,0.30875,0.0,0.0,0.0,0.0
0.204545455,0.0,0.0,0.659090909,0.585227273,0.605113636,0.0,0.0,0.0,0.0
0.302325581,0.0,0.0,0.558139535,0.290143965,0.473975637,0.0,0.0,0.0,0.0
0.881422925,0.438735178,0.403162055,0.490118577,0.296083363,0.433524973,0.158102767,0.118577075,0.075098814,0.0
0.717948718,0.205128205,0.179487179,0.461538462,0.259615385,0.375,0.205128205,0.102564103,0.0,0.0
0.693251534,0.17791411,0.159509202,0.484662577,0.267382413,0.379601227,0.134969325,0.104294479,0.042944785,0.0
0.96969697,0.121212121,0.121212121,0.666666667,0.261707989,0.261707989,0.060606061,0.03030303,0.0,0.0
0.583333333,0.625,0.416666667,0.416666667,0.129960317,0.134920635,0.125,0.104166667,0.0,0.0
0.184705882,0.008235294,0.005882353,0.238823529,0.143470588,0.145235294,0.032941176,0.028235294,0.0,0.0
0.557692308,0.634615385,0.423076923,0.519230769,0.175213675,0.448005698,0.403846154,0.134615385,0.0,0.0
0.0,0.064516129,0.064516129,0.35483871,0.268817204,0.268817204,0.0,0.0,0.0,0.0
0.074074074,0.074074074,0.074074074,0.666666667,0.604497354,0.889550265,0.0,0.0,0.0,0.0
0.0,0.0,0.0,0.973684211,0.973684211,1.263157895,0.0,0.0,0.0,1.0
0.361111111,0.083333333,0.055555556,0.805555556,0.486111111,0.888888889,0.0,0.0,0.0,0.0
0.0,0.0,0.0,0.26,0.1688,0.2436,0.0,0.0,0.0,0.0
0.26984127,0.0,0.0,0.761904762,0.26984127,0.272108844,0.0,0.0,0.0,0.0
0.125,0.0625,0.0625,0.78125,0.5,0.5,0.0,0.0,0.0,0.0
0.0,0.057017544,0.052631579,0.521929825,0.119883041,0.121345029,0.01754386,0.01754386,0.039473684,0.0
0.0,0.0,0.0,0.682926829,0.658536585,0.658536585,0.0,0.0,0.0,0.0
0.6,1.555555556,0.866666667,0.666666667,0.390740741,0.724074074,0.022222222,0.022222222,0.022222222,1.0
0.0,0.0,0.0,0.434210526,0.294736842,0.294736842,0.0,0.0,0.0,0.0
0.930232558,0.0,0.0,0.790697674,0.35793731,0.397371082,0.0,0.0,0.0,0.0
0.046511628,0.023255814,0.023255814,0.627906977,0.282647585,0.347048301,0.0,0.0,0.0,0.0
0.0,0.0,0.0,0.846153846,0.846153846,0.846153846,0.051282051,0.025641026,0.0,1.0
0.354166667,0.020833333,0.020833333,0.854166667,0.776785714,0.852678571,0.0,0.0,0.0,1.0
0.417040359,0.735426009,0.394618834,0.417040359,0.168751475,0.267878216,0.0,0.0,0.0,0.0
0.880952381,0.119047619,0.095238095,0.523809524,0.402597403,0.402597403,0.023809524,0.023809524,0.0,0.0
0.577777778,0.074074074,0.066666667,0.459259259,0.27962963,0.27962963,0.014814815,0.014814815,0.0,0.0
0.0,0.0,0.0,0.34375,0.290441176,0.678308824,0.0,0.0,0.0,0.0
0.583333333,0.055555556,0.055555556,0.944444444,0.481481481,0.646990741,0.166666667,0.166666667,0.111111111,0.0
0.0,0.0,0.0,0.571428571,0.434285714,0.462857143,0.0,0.0,0.0,0.0
0.431818182,0.022727273,0.022727273,0.477272727,0.306220096,0.313397129,0.068181818,0.045454545,0.0,0.0
0.15625,0.015625,0.015625,0.6875,0.375,1.66015625,0.0,0.0,0.0,0.0
0.0,0.0,0.0,0.413793103,0.25,0.49137931,0.0,0.0,0.0,0.0
0.510204082,0.020408163,0.020408163,0.693877551,0.427437642,0.455782313,0.0,0.0,0.0,0.0
0.0,0.0,0.0,0.902439024,0.731707317,0.926829268,0.0,0.0,0.0,1.0
0.0,0.121212121,0.090909091,0.909090909,0.893939394,1.106060606,0.0,0.0,0.0,1.0
0.570175439,0.745614035,0.456140351,0.473684211,0.244238046,0.245270038,0.105263158,0.078947368,0.087719298,0.0
0.0,0.0,0.0,0.810126582,0.458860759,0.60443038,0.0,0.0,0.0,0.0
0.0,0.033333333,0.033333333,0.666666667,0.479166667,0.566666667,0.0,0.0,0.0,0.0
0.0,0.0,0.0,0.605263158,0.502923977,0.619883041,0.0,0.0,0.0,0.0
0.5,0.03125,0.03125,0.5625,0.255208333,0.291666667,0.0625,0.0625,0.0,0.0
0.783783784,0.054054054,0.054054054,0.27027027,0.178378378,0.218918919,0.0,0.0,0.0,0.0
0.0,0.0,0.0,0.725274725,0.725274725,0.934065934,0.0,0.0,0.0,1.0
0.72,0.4,0.36,0.28,0.156923077,0.395384615,0.26,0.24,0.0,0.0
0.325581395,0.046511628,0.046511628,0.604651163,0.351937984,0.358139535,0.0,0.0,0.0,0.0
0.083333333,0.416666667,0.194444444,0.416666667,0.305555556,0.416666667,0.0,0.0,0.0,0.0
0.024390244,0.0,0.0,0.56097561,0.420731707,2.455284553,0.0,0.0,0.0,0.0
0.393939394,0.181818182,0.090909091,0.424242424,0.262626263,0.262626263,0.0,0.0,0.0,0.0
0.697674419,0.069767442,0.046511628,0.488372093,0.38501292,0.439276486,0.023255814,0.023255814,0.0,0.0
0.090909091,0.333333333,0.060606061,0.121212121,0.075757576,0.075757576,0.0,0.0,0.0,0.0
0.455882353,0.029411765,0.029411765,0.279411765,0.201871658,0.377005348,0.0,0.0,0.0,0.0
0.028571429,0.142857143,0.142857143,0.657142857,0.491428571,0.499047619,0.057142857,0.057142857,0.0,0.0
0.555555556,0.111111111,0.111111111,0.488888889,0.226262626,0.226262626,0.0,0.0,0.0,0.0
0.0,0.0,0.0,0.342857143,0.214285714,0.214285714,0.0,0.0,0.0,0.0
0.837209302,0.139534884,0.093023256,0.488372093,0.196899225,0.196899225,0.023255814,0.023255814,0.023255814,0.0
0.0,0.0,0.0,0.854166667,0.802083333,0.802083333,0.0,0.0,0.0,1.0
0.510204082,0.040816327,0.040816327,0.469387755,0.170686456,0.181818182,0.0,0.0,0.0,0.0
0.0,0.075,0.05,0.325,0.228409091,0.552272727,0.0,0.0,0.0,0.0
0.171428571,0.028571429,0.028571429,0.457142857,0.195918367,0.281632653,0.0,0.0,0.0,0.0
0.405797101,0.0,0.0,0.695652174,0.489855072,0.513043478,0.0,0.0,0.0,0.0
0.055555556,0.0,0.0,0.555555556,0.175925926,0.685185185,0.0,0.0,0.0,0.0
0.365384615,0.019230769,0.019230769,0.942307692,0.353146853,0.452797203,0.0,0.0,0.0,0.0
0.0,0.0,0.0,0.53125,0.263392857,0.508928571,0.0,0.0,0.0,0.0
0.058823529,0.0,0.0,0.617647059,0.352941176,1.102941176,0.029411765,0.029411765,0.0,0.0
0.0,0.015873016,0.015873016,0.428571429,0.259259259,0.306878307,0.063492063,0.047619048,0.095238095,0.0
0.510638298,0.595744681,0.319148936,0.680851064,0.641337386,0.641337386,0.0,0.0,0.0,1.0
0.875,0.0625,0.0625,0.53125,0.231617647,0.262867647,0.03125,0.03125,0.03125,0.0
0.419354839,0.0,0.0,0.516129032,0.279569892,0.290322581,0.096774194,0.032258065,0.0,0.0
0.0,0.028571429,0.028571429,1.0,0.642857143,0.642857143,0.0,0.0,0.0,0.0
0.389830508,0.0,0.0,0.474576271,0.167372881,0.361228814,0.0,0.0,0.0,0.0
0.224489796,0.0,0.0,0.591836735,0.220408163,0.634693878,0.0,0.0,0.0,0.0
0.0,0.0,0.0,0.984848485,0.977272727,3.022727273,0.0,0.0,0.0,1.0
0.322580645,0.032258065,0.032258065,0.387096774,0.129032258,0.129032258,0.838709677,0.290322581,0.032258065,0.0
0.0,0.0,0.0,0.8125,0.729166667,0.729166667,0.0,0.0,0.0,1.0
0.0,0.024390244,0.024390244,0.780487805,0.641260163,0.641260163,0.0,0.0,0.0,0.0
0.0,0.011627907,0.011627907,0.546511628,0.485116279,0.485116279,0.0,0.0,0.0,0.0
0.127272727,0.0,0.0,0.981818182,0.325,0.325,0.0,0.0,0.0,0.0
0.822580645,0.0,0.0,0.241935484,0.076497696,0.086635945,0.0,0.0,0.0,0.0
0.617021277,0.255319149,0.234042553,0.85106383,0.65106383,0.863829787,0.0,0.0,0.0,1.0
0.055072464,0.002898551,0.002898551,0.631884058,0.425672878,0.605797101,0.005797101,0.005797101,0.0,0.0
0.709677419,0.129032258,0.129032258,0.516129032,0.186827957,0.206989247,0.0,0.0,0.0,0.0
0.53125,0.03125,0.03125,0.5625,0.299715909,0.299715909,0.1875,0.125,0.03125,0.0
0.0,0.140625,0.109375,0.5625,0.4,0.440625,0.015625,0.015625,0.0,0.0
0.729411765,0.447058824,0.411764706,0.752941176,0.129864253,0.211312217,0.094117647,0.094117647,0.0,0.0
0.567567568,0.783783784,0.648648649,0.594594595,0.397897898,0.554054054,0.243243243,0.081081081,0.108108108,1.0
0.425,0.0,0.0,0.875,0.657142857,0.657142857,0.0,0.0,0.0,1.0
0.781609195,0.206896552,0.183908046,0.574712644,0.289124668,0.333333333,0.08045977,0.08045977,0.0,0.0
0.0,0.071428571,0.047619048,0.952380952,0.768707483,0.775510204,0.0,0.0,0.0,1.0
0.0,1.365853659,0.804878049,0.804878049,0.405487805,0.432926829,0.0,0.0,0.0,1.0
0.025641026,1.948717949,0.974358974,0.897435897,0.723443223,0.734432234,0.051282051,0.025641026,0.025641026,1.0
0.0,0.0,0.0,0.211678832,0.143065693,0.174452555,0.0,0.0,0.0,0.0
0.3125,0.0625,0.03125,0.5625,0.330357143,0.334821429,0.03125,0.03125,0.0625,0.0
0.0,0.0,0.0,0.452380952,0.242063492,0.384920635,0.0,0.0,0.0,0.0
0.608695652,0.304347826,0.304347826,0.369565217,0.233459357,0.312854442,0.0,0.0,0.0,0.0
0.0,0.0,0.0,0.5,0.378151261,0.420168067,0.0,0.0,0.0,0.0
0.0,0.016393443,0.016393443,0.393442623,0.24824356,0.292740047,0.016393443,0.016393443,0.0,0.0
0.0,0.0,0.0,0.580645161,0.516129032,0.580645161,0.032258065,0.032258065,0.0,0.0
0.0,0.032258065,0.032258065,0.677419355,0.677419355,0.709677419,0.0,0.0,0.0,1.0
0.047619048,0.0,0.0,0.666666667,0.436507937,1.76984127,0.095238095,0.095238095,0.142857143,0.0
0.514851485,0.03960396,0.02970297,0.376237624,0.147029703,0.394059406,0.0,0.0,0.0,0.0
0.424242424,0.212121212,0.212121212,0.454545455,0.454545455,0.454545455,0.454545455,0.333333333,0.393939394,1.0
0.214285714,0.017857143,0.017857143,0.875,0.490601504,0.585526316,0.017857143,0.017857143,0.0,0.0
0.117647059,0.0,0.0,0.529411765,0.385026738,1.131016043,0.0,0.0,0.0,0.0
0.063829787,0.0,0.0,0.468085106,0.259187621,0.367504836,0.0,0.0,0.0,0.0
0.078947368,0.0,0.0,0.605263158,0.351674641,0.480861244,0.0,0.0,0.0,0.0
0.0,0.0,0.0,0.892857143,0.75,0.901785714,0.017857143,0.017857143,0.0,1.0
0.0,0.0,0.0,0.523809524,0.349206349,0.547619048,0.0,0.0,0.0,0.0
0.132352941,0.0,0.0,0.647058824,0.358823529,0.391176471,0.426470588,0.102941176,0.058823529,0.0
0.166666667,0.0,0.0,0.833333333,0.164426523,0.186379928,0.013888889,0.013888889,0.0,0.0
0.5,0.0,0.0,0.818965517,0.577586207,1.068965517,0.0,0.0,0.0,0.0
0.064935065,0.038961039,0.038961039,0.493506494,0.342857143,0.342857143,0.0,0.0,0.0,0.0
0.0,0.0,0.0,1.0,0.503205128,1.993589744,0.0,0.0,0.0,0.0
0.307692308,0.307692308,0.25,0.576923077,0.370793269,0.405649038,0.038461538,0.038461538,0.0,0.0
0.963190184,0.460122699,0.447852761,0.742331288,0.181288344,0.181288344,0.006134969,0.006134969,0.0,0.0
0.102941176,0.0,0.0,0.558823529,0.258823529,0.370588235,0.0,0.0,0.0,0.0
0.0,0.0,0.0,0.409836066,0.393442623,0.393442623,0.0,0.0,0.0,0.0
0.0,0.0,0.0,0.743589744,0.726495726,0.726495726,0.0,0.0,0.0,1.0
0.923076923,0.128205128,0.128205128,0.564102564,0.224080268,0.2787068,0.051282051,0.025641026,0.0,0.0
0.382978723,0.191489362,0.170212766,0.638297872,0.22606383,0.575797872,0.0,0.0,0.0,0.0
0.0,0.0,0.0,0.59375,0.376644737,0.888157895,0.0,0.0,0.0,0.0
0.878787879,0.090909091,0.090909091,0.646464646,0.328671329,0.407148407,0.090909091,0.070707071,0.01010101,0.0
0.810810811,0.027027027,0.027027027,1.0,0.671042471,0.857142857,0.0,0.0,0.0,1.0
0.05,0.0125,0.0125,0.65,0.2925,0.325,0.0125,0.0125,0.0,0.0
0.605263158,0.921052632,0.421052632,0.605263158,0.552631579,0.592105263,0.131578947,0.105263158,0.342105263,0.0
0.0,0.5,0.333333333,0.361111111,0.354166667,0.489583333,0.0,0.0,0.0,0.0
0.0,0.0,0.0,0.587301587,0.46031746,0.481481481,0.0,0.0,0.0,0.0
0.0,0.0,0.0,0.1,0.041935484,0.079493088,0.0,0.0,0.0,0.0
0.0,0.0,0.0,0.981481481,0.981481481,1.240740741,2.074074074,0.833333333,1.240740741,1.0
0.40625,0.1875,0.1875,0.71875,0.3203125,0.55078125,0.0,0.0,0.0,0.0
0.285714286,0.30952381,0.261904762,0.476190476,0.376190476,0.5,0.023809524,0.023809524,0.0,0.0
0.228571429,0.465306122,0.412244898,0.330612245,0.161904762,0.271050642,0.175510204,0.089795918,0.016326531,0.0
0.0,0.002617801,0.002617801,0.541884817,0.527486911,0.59947644,0.002617801,0.002617801,0.0,0.0
0.806060606,0.006060606,0.006060606,0.278787879,0.09828722,0.112648221,0.0,0.0,0.0,0.0
0.489795918,0.06122449,0.06122449,0.306122449,0.270408163,0.270408163,0.183673469,0.183673469,0.142857143,0.0
0.0,0.063829787,0.042553191,0.340425532,0.255319149,0.348162476,0.0,0.0,0.0,0.0
0.386363636,0.0,0.0,0.545454545,0.318181818,0.363636364,0.0,0.0,0.0,0.0
0.0875,0.025,0.025,0.4375,0.32890625,0.68203125,0.0375,0.025,0.0,0.0
0.0,0.0,0.0,0.291970803,0.193430657,0.698123045,0.0,0.0,0.0,0.0
0.306818182,0.227272727,0.159090909,0.602272727,0.312121212,0.550757576,0.0,0.0,0.0,0.0
0.402985075,0.014925373,0.014925373,0.358208955,0.223880597,0.343283582,0.0,0.0,0.0,0.0
0.03030303,0.0,0.0,0.787878788,0.409090909,0.424242424,0.0,0.0,0.0,0.0
0.0,0.0,0.0,0.361111111,0.350241546,1.300724638,0.0,0.0,0.0,0.0
0.0,0.0,0.0,0.805970149,0.746268657,0.865671642,0.0,0.0,0.0,1.0
0.0,0.058823529,0.058823529,0.823529412,0.726890756,0.756302521,0.029411765,0.029411765,0.0,1.0
0.197959184,0.085714286,0.079591837,0.371428571,0.087566138,0.10170068,0.008163265,0.008163265,0.010204082,0.0
0.275,0.05,0.05,0.625,0.291,0.335,0.0,0.0,0.0,0.0
0.46875,0.0,0.0,0.71875,0.3046875,0.32421875,0.09375,0.0625,0.0,0.0
0.140127389,0.006369427,0.006369427,0.522292994,0.141719745,0.448248408,0.044585987,0.038216561,0.006369427,0.0
0.157894737,0.052631579,0.026315789,0.798245614,0.427192982,0.699122807,0.298245614,0.114035088,0.0,0.0
0.137254902,0.0,0.0,0.607843137,0.403921569,0.888235294,0.0,0.0,0.0,0.0
0.253012048,0.036144578,0.024096386,0.409638554,0.238955823,0.31793842,0.012048193,0.012048193,0.0,0.0
0.188679245,0.0,0.0,0.58490566,0.205974843,0.232704403,0.0,0.0,0.0,0.0
0.0,0.0,0.0,0.318181818,0.244107744,0.946127946,0.0,0.0,0.0,0.0
0.0,0.109375,0.09375,0.484375,0.3625,0.753125,0.109375,0.078125,0.1875,0.0
0.496503497,0.0,0.0,0.384615385,0.131221719,0.13862608,0.055944056,0.034965035,0.076923077,0.0
0.190954774,0.025125628,0.025125628,0.316582915,0.080880593,0.089495095,0.226130653,0.130653266,0.140703518,0.0
0.184210526,0.315789474,0.184210526,0.789473684,0.5,1.684210526,0.0,0.0,0.0,0.0
0.0,0.0,0.0,0.6875,0.5,0.7109375,0.0,0.0,0.0,0.0
0.0,0.0,0.0,1.0,0.949263502,0.949263502,0.0,0.0,0.0,1.0
0.088235294,0.0,0.0,0.941176471,0.497326203,0.79144385,0.0,0.0,0.0,0.0
0.150943396,0.0,0.0,0.349056604,0.164220825,0.244933613,0.0,0.0,0.0,0.0
0.107142857,0.071428571,0.071428571,0.130952381,0.074829932,0.074829932,0.023809524,0.023809524,0.0,0.0
0.0,0.0,0.0,0.337209302,0.217054264,0.223837209,0.0,0.0,0.0,0.0
0.0,0.0,0.0,0.694444444,0.597222222,0.597222222,0.0,0.0,0.0,0.0
0.548387097,0.021505376,0.021505376,0.655913978,0.262026033,0.268817204,0.021505376,0.010752688,0.0,0.0
0.0,0.028571429,0.028571429,0.828571429,0.669387755,0.836734694,0.0,0.0,0.0,1.0
0.102803738,0.14953271,0.093457944,0.448598131,0.26728972,0.293457944,0.102803738,0.074766355,0.037383178,0.0
0.112359551,0.134831461,0.123595506,0.460674157,0.130509939,0.251512532,0.0,0.0,0.0,0.0
0.03030303,0.068181818,0.060606061,0.409090909,0.142992424,0.315340909,0.007575758,0.007575758,0.0,0.0
0.860465116,0.0,0.0,0.534883721,0.259136213,0.259136213,0.0,0.0,0.0,0.0
0.4375,0.0,0.0,0.6875,0.28125,0.338541667,0.0,0.0,0.0,0.0
0.710743802,0.289256198,0.256198347,0.619834711,0.25501771,0.281385281,0.041322314,0.041322314,0.314049587,0.0
0.515625,0.0625,0.046875,0.359375,0.198529412,0.330882353,0.015625,0.015625,0.0,0.0
0.258064516,0.451612903,0.258064516,1.0,0.825806452,1.406451613,0.0,0.0,0.0,1.0
0.131578947,0.052631579,0.032894737,0.638157895,0.355263158,2.151315789,0.092105263,0.072368421,0.006578947,0.0
0.0,0.262295082,0.032786885,1.0,0.491803279,1.516393443,0.032786885,0.032786885,0.016393443,0.0
0.127272727,0.490909091,0.236363636,0.4,0.225454545,0.250909091,0.018181818,0.018181818,0.0,0.0
0.0,0.114285714,0.114285714,0.685714286,0.439097744,1.75037594,0.114285714,0.057142857,0.085714286,0.0
0.0,0.008928571,0.008928571,0.526785714,0.279761905,0.388392857,0.071428571,0.0625,0.053571429,0.0
0.0,0.0,0.0,0.71875,0.703125,2.5,0.0,0.0,0.0,1.0
0.689655172,0.75862069,0.706896552,0.637931034,0.210591133,0.223522167,0.362068966,0.24137931,0.0,1.0
0.645833333,1.604166667,0.947916667,0.84375,0.145833333,0.155877976,0.052083333,0.052083333,0.072916667,1.0
0.03125,0.0,0.0,0.8125,0.395833333,0.5,0.03125,0.03125,0.0,0.0
0.2,0.085714286,0.085714286,0.342857143,0.102857143,0.108571429,0.171428571,0.085714286,0.0,0.0
0.0,0.0,0.0,0.594594595,0.594594595,0.756756757,0.027027027,0.027027027,0.0,0.0
0.470588235,0.0,0.0,0.794117647,0.588235294,0.588235294,0.0,0.0,0.0,0.0
0.28358209,0.074626866,0.059701493,0.746268657,0.637313433,0.768656716,0.0,0.0,0.0,0.0
0.609756098,0.292682927,0.268292683,0.682926829,0.514634146,0.735365854,0.024390244,0.024390244,0.0,0.0
0.0,0.0,0.0,0.398648649,0.320945946,0.570945946,0.033783784,0.027027027,0.0,0.0
0.0,0.0,0.0,0.026315789,0.026315789,0.026315789,0.0,0.0,0.0,0.0
0.132075472,0.0,0.0,0.679245283,0.479245283,0.479245283,0.0,0.0,0.0,0.0
0.527272727,0.618181818,0.363636364,0.454545455,0.195151515,0.277575758,0.072727273,0.072727273,0.109090909,0.0
0.0,0.0,0.0,0.684210526,0.304093567,0.532163743,0.01754386,0.01754386,0.0,0.0
0.0,0.085714286,0.085714286,0.571428571,0.344444444,0.43015873,0.0,0.0,0.0,0.0
0.0,0.0,0.0,0.368421053,0.318421053,0.465789474,0.0,0.0,0.0,0.0
0.0,0.023809524,0.023809524,0.452380952,0.306122449,0.425170068,0.023809524,0.023809524,0.0,0.0
0.0,0.0,0.0,0.533333333,0.533333333,0.533333333,0.0,0.0,0.0,0.0
0.0,0.0,0.0,1.0,1.0,6.0,0.0,0.0,0.0,1.0
0.370967742,0.048387097,0.032258065,0.35483871,0.35483871,0.35483871,0.0,0.0,0.0,0.0
0.991150442,0.725663717,0.486725664,0.345132743,0.104564509,0.118537494,0.309734513,0.159292035,0.159292035,0.0
0.4,0.022222222,0.022222222,0.622222222,0.205555556,0.272222222,0.2,0.066666667,0.022222222,0.0
0.0,0.357142857,0.238095238,0.547619048,0.289115646,0.323129252,0.023809524,0.023809524,0.0,0.0
0.07,0.0,0.0,0.74,0.42,0.42,0.11,0.09,0.21,0.0
0.193877551,0.12244898,0.091836735,0.510204082,0.285714286,0.440816327,0.183673469,0.091836735,0.0,0.0
0.127659574,0.0,0.0,0.489361702,0.234042553,0.234042553,0.0,0.0,0.0,0.0
0.041666667,0.0,0.0,0.979166667,0.723484848,0.859848485,0.0,0.0,0.0,1.0
0.391891892,0.0,0.0,0.459459459,0.151351351,0.336936937,0.0,0.0,0.0,0.0
0.180722892,0.024096386,0.024096386,0.445783133,0.095676825,0.248759745,0.0,0.0,0.0,0.0
0.078947368,0.0,0.0,0.5,0.133971292,0.385167464,0.0,0.0,0.0,0.0
0.279069767,0.023255814,0.023255814,0.511627907,0.353488372,0.565116279,0.0,0.0,0.0,0.0
0.677419355,0.0,0.0,0.677419355,0.166982922,0.193548387,0.0,0.0,0.0,0.0
0.0,0.35483871,0.215053763,0.602150538,0.449820789,0.691756272,0.139784946,0.096774194,0.010752688,0.0
0.491525424,0.016949153,0.016949153,0.661016949,0.440677966,0.717514124,0.0,0.0,0.0,0.0
0.0,0.421052632,0.184210526,0.789473684,0.716374269,0.903508772,0.105263158,0.105263158,0.052631579,1.0
0.980769231,0.519230769,0.384615385,0.673076923,0.346153846,0.547082228,0.0,0.0,0.0,0.0
0.15625,0.0625,0.0625,0.4375,0.236328125,0.3046875,0.0,0.0,0.0,0.0
0.627906977,0.023255814,0.023255814,0.813953488,0.519933555,0.53654485,0.0,0.0,0.0,0.0
0.189189189,0.081081081,0.067567568,0.202702703,0.202702703,0.202702703,0.22972973,0.175675676,0.0,0.0
0.630136986,0.01369863,0.01369863,0.506849315,0.239155251,0.25913242,0.006849315,0.006849315,0.006849315,0.0
0.333333333,0.0,0.0,0.974358974,0.535612536,0.584045584,0.205128205,0.179487179,0.0,0.0
0.397260274,0.342465753,0.232876712,0.794520548,0.541718555,0.541718555,0.0,0.0,0.0,0.0
1.0,0.0,0.0,0.771428571,0.217857143,0.217857143,0.0,0.0,0.0,0.0
0.395833333,0.020833333,0.020833333,0.333333333,0.102430556,0.102430556,0.0,0.0,0.0,0.0
0.5,0.1875,0.125,0.78125,0.4375,0.4375,0.0,0.0,0.0,0.0
0.738461538,0.046153846,0.046153846,0.4,0.209230769,0.213538462,0.0,0.0,0.0,0.0
0.183823529,0.147058824,0.095588235,0.441176471,0.31127451,0.356617647,0.022058824,0.014705882,0.433823529,0.0
0.121621622,0.0,0.0,0.635135135,0.358108108,0.388513514,0.22972973,0.148648649,2.297297297,0.0
0.06122449,0.326530612,0.306122449,0.755102041,0.648838846,0.936664321,0.0,0.0,0.0,1.0
0.347826087,0.130434783,0.108695652,0.369565217,0.157082749,0.177419355,0.130434783,0.108695652,0.0,0.0
0.0,0.0,0.0,0.507936508,0.293650794,0.317460317,0.0,0.0,0.0,0.0
0.393939394,0.0,0.0,0.484848485,0.248106061,0.431818182,0.0,0.0,0.0,0.0
0.0,1.41025641,0.743589744,0.666666667,0.535612536,0.535612536,0.051282051,0.025641026,0.0,1.0
0.0,0.0,0.0,0.90625,0.858915441,1.017003676,0.1640625,0.1015625,0.9453125,1.0
0.30952381,0.0,0.0,0.30952381,0.178571429,0.178571429,0.214285714,0.142857143,0.023809524,0.0
0.0,0.018867925,0.018867925,0.849056604,0.751572327,1.176100629,0.301886792,0.188679245,0.339622642,1.0
0.0,0.0,0.0,0.74025974,0.703463203,1.073593074,0.142857143,0.064935065,0.298701299,1.0
0.0,0.0,0.0,0.909090909,0.833333333,1.287878788,0.151515152,0.060606061,0.03030303,1.0
0.540540541,0.027027027,0.027027027,0.648648649,0.099099099,0.108108108,0.0,0.0,0.0,0.0
0.058823529,0.029411765,0.029411765,0.617647059,0.43907563,0.598739496,0.0,0.0,0.0,0.0
0.418300654,0.045751634,0.032679739,0.607843137,0.223123732,0.223799865,0.0,0.0,0.0,0.0
0.264150943,0.188679245,0.113207547,0.698113208,0.34219554,0.349914237,0.094339623,0.075471698,0.0,0.0
0.272727273,0.0,0.0,0.606060606,0.204545455,0.215909091,0.0,0.0,0.0,0.0
0.765957447,0.14893617,0.106382979,0.489361702,0.16202946,0.268412439,0.021276596,0.021276596,0.021276596,0.0
0.088888889,0.044444444,0.044444444,0.822222222,0.514814815,1.32037037,0.0,0.0,0.0,0.0
0.569105691,0.024390244,0.024390244,0.544715447,0.371273713,0.45438121,0.0,0.0,0.0,0.0
0.0,0.0,0.0,0.586956522,0.460144928,0.536231884,0.0,0.0,0.0,0.0
0.15,0.0,0.0,0.825,0.715,0.715,0.0,0.0,0.0,1.0
0.0,0.0,0.0,0.845238095,0.744047619,2.491071429,0.047619048,0.035714286,0.0,1.0
0.173076923,0.019230769,0.019230769,1.0,0.42,0.497692308,0.0,0.0,0.0,0.0
0.28994709,0.048677249,0.035978836,0.638095238,0.219929453,0.293180482,0.008465608,0.008465608,0.015873016,0.0
0.651685393,0.595505618,0.516853933,0.258426966,0.1139201,0.116104869,0.011235955,0.011235955,0.0,0.0
0.74025974,0.012987013,0.012987013,0.168831169,0.082251082,0.089556277,0.0,0.0,0.0,0.0
0.064516129,0.0,0.0,0.451612903,0.281105991,0.529953917,0.0,0.0,0.0,0.0
0.807692308,0.371794872,0.320512821,0.448717949,0.277167277,0.398656899,0.0,0.0,0.0,0.0
0.0,0.0,0.0,0.696969697,0.636363636,0.681818182,0.0,0.0,0.0,0.0
0.11627907,0.046511628,0.046511628,0.093023256,0.058139535,0.058139535,0.302325581,0.302325581,0.186046512,0.0
0.682242991,0.037383178,0.037383178,0.598130841,0.234979973,0.246550957,0.0,0.0,0.0,0.0
0.432432432,0.540540541,0.405405405,0.378378378,0.283783784,0.283783784,0.0,0.0,0.0,0.0
0.0,0.05,0.025,0.025,0.025,0.025,0.0,0.0,0.0,0.0
0.0,0.014173228,0.014173228,0.62519685,0.105511811,0.107874016,0.048818898,0.022047244,0.099212598,0.0
0.0,0.009190121,0.008041356,0.668006893,0.110527611,0.111512267,0.033314187,0.024124067,0.207352096,0.0
0.28358209,1.007462687,0.694029851,0.865671642,0.736318408,0.736318408,0.02238806,0.02238806,0.052238806,1.0
0.022727273,0.022727273,0.022727273,0.25,0.119834711,0.32231405,0.0,0.0,0.0,0.0
0.096774194,0.0,0.0,0.612903226,0.269794721,0.426686217,0.0,0.0,0.0,0.0
0.606837607,0.025641026,0.025641026,0.555555556,0.143451143,0.343959344,0.0,0.0,0.0,0.0
0.297297297,0.621621622,0.567567568,0.891891892,0.807807808,0.807807808,0.0,0.0,0.0,1.0
0.0,0.0,0.0,0.925373134,0.776119403,1.082089552,0.0,0.0,0.0,1.0
0.0,0.0,0.0,0.287234043,0.11839396,0.209677419,0.0,0.0,0.0,0.0
0.041666667,0.0,0.0,0.541666667,0.326388889,0.378472222,0.0,0.0,0.0,0.0
0.021276596,0.117021277,0.106382979,0.585106383,0.257683215,0.263593381,0.0,0.0,0.0,0.0
0.0,0.0,0.0,1.0,0.56097561,0.56504065,0.0,0.0,0.0,0.0
0.054054054,0.054054054,0.054054054,0.972972973,0.594594595,0.594594595,0.0,0.0,0.0,0.0
0.0,0.0,0.0,0.5,0.310606061,0.335858586,0.041666667,0.041666667,0.0,0.0
0.237037037,0.081481481,0.074074074,0.318518519,0.180148148,0.281481481,0.007407407,0.007407407,0.0,0.0
0.053571429,0.089285714,0.089285714,0.214285714,0.087053571,0.123883929,0.0,0.0,0.0,0.0
0.019047619,0.019047619,0.00952381,0.714285714,0.479365079,0.479365079,0.085714286,0.057142857,0.00952381,0.0
0.684210526,0.0,0.0,0.552631579,0.228070175,0.50877193,0.0,0.0,0.0,0.0
0.069767442,0.093023256,0.069767442,0.558139535,0.381782946,0.579457364,0.0,0.0,0.0,0.0
0.628571429,0.0,0.0,0.342857143,0.295238095,0.295238095,0.0,0.0,0.0,0.0
0.0,0.022222222,0.022222222,0.788888889,0.697777778,0.697777778,0.066666667,0.055555556,0.011111111,1.0
0.026315789,0.078947368,0.052631579,0.710526316,0.540100251,0.551378446,0.0,0.0,0.0,0.0
0.909090909,0.03030303,0.03030303,0.606060606,0.52020202,0.52020202,0.212121212,0.181818182,0.121212121,0.0
0.12195122,0.0,0.0,0.658536585,0.471544715,0.699186992,0.048780488,0.048780488,0.024390244,0.0
0.329545455,0.056818182,0.045454545,0.556818182,0.376893939,0.818181818,0.147727273,0.113636364,0.318181818,0.0
0.0625,0.0,0.0,0.65625,0.390625,0.390625,0.3125,0.1875,0.40625,0.0
0.388888889,0.194444444,0.111111111,0.805555556,0.5,0.5,0.0,0.0,0.0,0.0
0.23255814,0.0,0.0,0.372093023,0.13372093,0.158914729,0.0,0.0,0.0,0.0
0.229357798,0.091743119,0.082568807,0.431192661,0.183486239,0.653534808,0.009174312,0.009174312,0.0,0.0
0.56,0.0,0.0,0.48,0.16,0.165263158,0.12,0.1,0.0,0.0
0.363636364,0.090909091,0.090909091,0.696969697,0.585858586,0.585858586,0.090909091,0.090909091,0.0,0.0
0.610091743,0.059633028,0.059633028,0.394495413,0.145369157,0.156509393,0.02293578,0.004587156,0.02293578,0.0
0.179775281,0.0,0.0,0.292134831,0.196361691,0.205457464,0.0,0.0,0.0,0.0
0.120689655,0.086206897,0.051724138,0.568965517,0.335249042,0.536398467,0.0,0.0,0.0,0.0
0.1,0.275,0.15,0.35,0.210714286,0.214285714,0.025,0.025,0.0,0.0
0.837837838,0.027027027,0.027027027,0.486486486,0.219061166,0.220483642,0.0,0.0,0.0,0.0
0.0,0.0,0.0,0.666666667,0.615384615,0.615384615,0.0,0.0,0.0,0.0
0.0,0.0,0.0,0.325,0.265,0.525,0.0,0.0,0.0,0.0
0.050955414,0.082802548,0.070063694,0.414012739,0.350015165,0.417955717,0.050955414,0.044585987,0.146496815,0.0
0.530612245,0.12244898,0.102040816,0.244897959,0.081632653,0.081632653,0.0,0.0,0.0,0.0
0.210526316,0.254385965,0.131578947,0.210526316,0.16374269,0.242690058,0.052631579,0.043859649,0.026315789,0.0
0.0,0.0,0.0,0.772727273,0.568181818,0.886363636,0.0,0.0,0.0,0.0
0.0,0.0,0.0,0.010869565,0.010869565,0.010869565,0.0,0.0,0.0,0.0
0.0,0.0,0.0,0.755555556,0.722222222,2.1,0.0,0.0,0.0,1.0
0.0625,0.0,0.0,0.59375,0.24375,0.25625,0.0,0.0,0.0,0.0
0.0,0.0,0.0,0.739130435,0.550724638,0.550724638,0.0,0.0,0.0,0.0
0.052631579,0.131578947,0.131578947,0.526315789,0.342105263,0.429824561,0.0,0.0,0.0,0.0
0.113636364,0.227272727,0.204545455,0.545454545,0.388714734,0.554858934,0.045454545,0.022727273,0.0,0.0
0.833333333,0.119047619,0.047619048,0.904761905,0.660714286,1.375,0.0,0.0,0.0,1.0
0.486486486,0.108108108,0.108108108,0.378378378,0.221621622,0.234749035,0.0,0.0,0.0,0.0
0.0,0.0,0.0,1.0,0.775,0.775,0.0,0.0,0.0,1.0
0.652631579,0.042105263,0.042105263,0.484210526,0.086687307,0.102786378,0.084210526,0.073684211,0.0,0.0
0.0,0.036363636,0.036363636,0.745454545,0.538181818,1.992727273,0.018181818,0.018181818,0.0,0.0
0.0,0.004761905,0.004761905,0.69047619,0.69047619,0.69047619,0.266666667,0.19047619,4.0,1.0
0.163265306,0.163265306,0.142857143,0.775510204,0.471243043,0.471243043,0.040816327,0.020408163,0.0,0.0
0.0,0.0,0.0,0.971428571,0.842857143,0.842857143,0.0,0.0,0.0,1.0
0.0,0.2,0.15,0.633333333,0.525,0.897222222,0.25,0.133333333,0.8,0.0
0.5,0.0,0.0,0.5,0.194736842,0.194736842,0.0,0.0,0.0,0.0
0.672413793,0.017241379,0.017241379,0.931034483,0.86637931,0.86637931,0.0,0.0,0.0,1.0
0.215827338,0.0,0.0,0.611510791,0.349280576,0.445323741,0.014388489,0.007194245,0.0,0.0
0.0,0.0,0.0,0.827027027,0.491891892,0.534054054,0.0,0.0,0.0,0.0
0.0,0.0,0.0,0.4,0.253333333,0.662222222,0.0,0.0,0.0,0.0
0.0,0.0,0.0,0.673469388,0.360058309,0.412536443,0.0,0.0,0.0,0.0
0.34439834,0.008298755,0.008298755,0.663900415,0.531120332,0.531120332,0.066390041,0.062240664,0.0,0.0
0.207692308,0.051282051,0.017948718,0.207692308,0.151282051,0.235042735,0.002564103,0.002564103,0.0,0.0
0.243243243,0.0,0.0,0.621621622,0.213963964,0.252252252,0.0,0.0,0.0,0.0
0.221428571,0.014285714,0.014285714,0.164285714,0.106302521,0.159663866,0.007142857,0.007142857,0.007142857,0.0
0.111111111,0.0,0.0,0.814814815,0.262962963,0.266666667,0.0,0.0,0.0,0.0
0.222222222,0.018518519,0.018518519,0.611111111,0.259259259,0.50617284,0.018518519,0.018518519,0.037037037,0.0
0.0,0.036036036,0.036036036,0.702702703,0.702702703,0.702702703,0.558558559,0.387387387,5.27027027,1.0
0.0,0.0,0.0,0.806451613,0.767741935,1.090322581,0.0,0.0,0.0,1.0
0.0,0.0,0.0,0.705882353,0.392156863,0.485294118,0.0,0.0,0.0,0.0
0.0,0.0,0.0,0.789473684,0.73245614,0.73245614,0.0,0.0,0.0,1.0
0.810526316,0.136842105,0.126315789,0.778947368,0.439097744,0.460150376,0.042105263,0.042105263,0.010526316,0.0
0.275,0.0,0.0,0.575,0.253571429,0.430357143,0.0,0.0,0.0,0.0
0.363636364,0.045454545,0.045454545,0.818181818,0.415584416,0.420995671,0.0,0.0,0.0,0.0
0.238095238,0.0,0.0,0.571428571,0.280952381,0.281746032,0.0,0.0,0.0,0.0
0.5,0.035714286,0.035714286,0.464285714,0.348214286,0.369642857,0.017857143,0.017857143,0.017857143,0.0
0.0,0.025210084,0.025210084,0.495798319,0.436210848,0.478991597,0.075630252,0.067226891,0.117647059,0.0
0.09375,0.072916667,0.052083333,0.270833333,0.193287037,0.21412037,0.0,0.0,0.0,0.0
